<?xml version="1.0" encoding="UTF-8"?>
<beans xmlns="http://www.springframework.org/schema/beans"
       xmlns:xsi="http://www.w3.org/2001/XMLSchema-instance"
       xmlns:context="http://www.springframework.org/schema/context"
       xsi:schemaLocation="http://www.springframework.org/schema/beans
         http://www.springframework.org/schema/beans/spring-beans.xsd
         http://www.springframework.org/schema/context
         http://www.springframework.org/schema/context/spring-context.xsd">

    <!-- 这个bean一定要放在最前面-->
    <bean id="kafkaSaslConfig" class="com.aliyun.openservices.kafka.ons.KafkaSaslConfig"></bean>
    <!-- 定义producer的参数 -->
    <bean id="producerProperties" class="java.util.HashMap">
        <constructor-arg>
            <map>
                <!--请修改控制台获取的接入点-->
                <entry key="bootstrap.servers" value="{XXX,你自己的SSL接入点信息}"/>
                <!--请修改为自己的路径，最好是绝对路径-->
                <entry key="ssl.truststore.location" value="{XXX,你自己的路径}/kafka.client.truststore.jks"/>
                <entry key="ssl.truststore.password" value="KafkaOnsClient"/>
                <entry key="security.protocol" value="SASL_SSL"/>
                <entry key="sasl.mechanism" value="PLAIN"/>
                <entry key="retries" value="10"/>
                <entry key="batch.size" value="16384"/>
                <entry key="linger.ms" value="1"/>
                <entry key="buffer.memory" value="33554432"/>
                <entry key="key.serializer" value="org.apache.kafka.common.serialization.StringSerializer"/>
                <entry key="value.serializer" value="org.apache.kafka.common.serialization.StringSerializer"/>
            </map>
        </constructor-arg>
    </bean>

    <!-- 创建kafkatemplate需要使用的producerfactory bean -->
    <bean id="producerFactory" class="org.springframework.kafka.core.DefaultKafkaProducerFactory">
        <constructor-arg>
            <ref bean="producerProperties"/>
        </constructor-arg>
    </bean>

    <!-- 创建kafkatemplate bean，使用的时候，只需要注入这个bean，即可使用template的send消息方法 -->
    <bean id="KafkaTemplate" class="org.springframework.kafka.core.KafkaTemplate">
        <constructor-arg ref="producerFactory"/>
        <constructor-arg value="false"/>
        <!--这里填的是默认Topic，实际发送时，可以指定Topic发送，如果没指定，则默认发送到该Topic-->
        <property name="defaultTopic" value="{XXX,你申请的Topic}"/>
    </bean>

</beans>
