{
    "name": "inventory-connector",
    "config": {
        "connector.class" : "io.debezium.connector.sqlserver.SqlServerConnector",
        "tasks.max" : "1",
        "database.server.name" : "server1",
        "database.hostname" : "sqlserver",
        "database.port" : "1433",
        "database.user" : "sa",
        "database.password" : "Password!",
        "database.dbname" : "testDB",
        "database.history.kafka.bootstrap.servers" : "kafka:9092",
        "database.history.kafka.topic": "schema-changes-testDB"
    }
}